username,password,email
lbellenie0,$2a$04$fXFykaBo1MW/s0fwzn.xE.xbOPs2Bw8O/Q4NayE5uknheVTQ6hR7i,cwestmoreland0@pagesperso-orange.fr
lwarrener1,$2a$04$uHZ7mNQowYgEVgsjDdvUYesfGxbJ6mrEzm70y02v7Hf96vMgULjQK,schalles1@webnode.com
wmedford2,$2a$04$kNXo4Jv0wV7lgzr/ExsUie2Eu3OcfHXtM88HUqX/7XEu6O5LfBFfm,fbotly2@sohu.com
cpurviss3,$2a$04$5ZcNFLIEp2rjqCzQgfIUAO33XO0O..Mnpx3MfSJRLRK7EWAzpmRuq,tconti3@google.com.au
fohern4,$2a$04$NIftZPrApJoAV1/agIjGuuNJCMUe3enf1KghWYR.pLqH1FCv.xZre,ebrownell4@scientificamerican.com
qpottell5,$2a$04$tYZdEuS/sKOANHZ/ZqJC.OjDtVLgq8M7Z3rRb0HTecNpyrteX5DBm,rdomelaw5@w3.org
astearne6,$2a$04$xg1VT5xPr7lS3tUq84cnF.bqjoDxu779ztOMaRpV7nw0RVVzpF9BC,gmordan6@reuters.com
hivatts7,$2a$04$jaem2PEmBc5fAvfGcLJrsOZOz39ACZUjrmBsq6ugjrq5GTpH1rozG,cbixley7@aboutads.info
csommerville8,$2a$04$n.DhSf/JBTJo2hFYws0ME.lj/U4WakX5QLbUM6ZKrHspeCw61eb2i,nodonovan8@scientificamerican.com
kdurman9,$2a$04$Ll/B9dcL.RdYmT8qj4uEPeQ/krgNdF0SUTMhlsMrj4wvVp5LZGhzi,jaymeric9@angelfire.com
ccroosea,$2a$04$dIY2y3wKP1M5GXSVJw3bLuKcWGqPVl1W2H5FiP1EmcDd4FmK2uie.,malloisia@yellowbook.com
dfleyb,$2a$04$qgL3/b7t6fxfXb.4rUzFe.VfZlPoRTharBSXet8QReg7DkU4IqLiK,cpirieb@google.ru
cstrangwoodc,$2a$04$zr2Cb4ieSlZMohLCPth2w.RuvHhbNaG.mzwDgnpMH68p4RE0NtImi,cfernyhoughc@ca.gov
bglentzd,$2a$04$obemfide8GdR2WsqJVT0xuEsP1.cPx31ZW2txfvfMSf6coPITMe0W,ddispencerd@narod.ru
nstemsone,$2a$04$kbwm/snTnSFwFIGWdRSpY.g6V9CQ4AqJkyhJkaFC/ls7duvoNjN1a,mheindle@army.mil
oscaicef,$2a$04$piiycCShRAxonyW62f10iOZq44eo/UGk6mb2O2CuFAi1OghKwMyD2,lmograf@yelp.com
afifootg,$2a$04$vrtc/pcRA4QcT1u4NksPIeQBrLkSrxIbyr23h9w9QzPICUAgyHwra,aperrig@amazon.co.uk
rpersianh,$2a$04$5nzJEALi41yRvwIVYaA9qupGwu3jD8i/nK3GVDpOaH8DjWfZDEdKm,kfloodgateh@ow.ly
cmoggachi,$2a$04$8AwD5haE6gx6o6Y9FhZi7.ZSG2ms/sOF/Gr17wGGxJ/fTBG.Crh8m,hmcneai@goo.ne.jp
lpentonj,$2a$04$fxJg/eIDBeC78qjuaiwcWOKiGiwXqaOS9tCFRiyAcCMF9WMDrJEcm,ryanshinovj@free.fr
rdakek,$2a$04$4iwzbOJB.zWCOMYJrViAOOEfG8lK/aGAURaGQuV8/wRLvWgaphIcy,dhaughiank@blogtalkradio.com
lteodoril,$2a$04$ce78vMhNvHllyo/r6vevKupUnBLVOv5F97IDSweEDX6rSdzixd0P.,ohutsonl@sfgate.com
cbreezem,$2a$04$gtyKYickF0rUZ9WZSB.urubqo5DvkriB/kehVQCZf1zD/U859VJzC,cswindellm@prweb.com
zplomn,$2a$04$h5zOtWh0jpRzPcbqY8S1R.qJ2J.E30TjY9Rykp2HVwfzrLIGbAhW.,mwyldboren@dailymail.co.uk
vmccorrieo,$2a$04$dux7gtiyLPp3KBfismSWM.nseHIwHZ2qMcjusxgHNsBJ1JI2fCND6,lalbanyo@about.com
rgierardip,$2a$04$H.7fGpPPPI0E6o.sI6rVuOpqK6ptCmGVQTC6MHf6tbMKLSKdeTwYu,athiolierp@ft.com
blanceleyq,$2a$04$iMVKvv/MrTI0Qy3ktInTIOEmfomny6sQqN9MqB1vJIp2bpaof/Iz.,mrippingaleq@purevolume.com
dryallr,$2a$04$G6MvJ.8YyI3Ny1L75Ka1Kun9PE7690zBqNpyak4IvYdQGOq3j85B2,poshiriner@imgur.com
bclowss,$2a$04$Y3AZLTiEmwvJiuLRjciMVOPothDKROLfB1MCvfY4cPS.tREYjlkDG,ygealls@economist.com
cateridget,$2a$04$Xmf/27Sh4/oKQ0zG5LSMU.qXPYY2hG/rD/8.bA8f3ms9AxdUZJEGW,vgrimolbiet@infoseek.co.jp
dlazareu,$2a$04$6bdMBMySzaZK3PQCxfOo/.0.Iw74UJxJ3kDPgE2Xr704iSbglKgay,mlangeleyu@epa.gov
rmordiev,$2a$04$Bn67W3cr.w.K8z8DyiHQU.2igfSKU64XmgfVrRC5iea.v1WXhskaO,ldixceev@google.com.br
fseckomw,$2a$04$TguhIevAgT6zGt7EMIyHYeOo3KIzVv5Co595HJJC/k4vE3XqJ4T9G,tlardinerw@themeforest.net
cbumx,$2a$04$xP8nxGqYxQTyrx5rOoTHo.5kr.7fHLUaTPRHK6vhy1SMQ7O8AknbW,agreginex@furl.net
efinicjy,$2a$04$VhRSm58rAo4eW8a2PPMksuzy5DGg2opyCXex6mlMgbPeR/YDBjIsy,jdavisony@abc.net.au
astowz,$2a$04$EgJHfISN3iKMMKk1NXuQKuljG9N7Jioq3SmQokNcASu5/kAakZAuS,qvischiz@va.gov
bpeoples10,$2a$04$.W6hg2bUqSRg9kVWYocPzOYoWjnA2JgQyc2hZzKMhQwLwNY6gIlmG,mearney10@dmoz.org
ccolquete11,$2a$04$K8O/2/jgHLqInxF2KLXKRObOKiwGvhyyb35gUTIZ3/fvg5I5.mOgq,hpietruszka11@nymag.com
kgough12,$2a$04$iLvdQM1Mr/H6mr9tB0Qox.T.3TzjUZtf5MsTy8qq/.o55HNY8Eh66,nbraban12@forbes.com
nmcblain13,$2a$04$n9aWEuOzsA.gq5gOsKKCgurko4fEMNti/.ZLTpw9KLEvn2xS9YcpS,cgarces13@foxnews.com
mupshall14,$2a$04$/ehuDPPB39qTVNWbOtWtg.aNjIMP4RJyQtjVOgGljZUWsvEvfCcwm,pgauvain14@yellowbook.com
mfaithfull15,$2a$04$i1cjB.xfZe0yGv/4JSKITeXLEhyfDigLO/re8ORReYEm5IMsskV0y,gdebruijne15@engadget.com
stabour16,$2a$04$W9Z7M.YOhc6.uZZSjJHKyOdkHb7LwfDagq5HoPp.GDBUW5KF/xr4m,lgaspar16@prlog.org
agusney17,$2a$04$JmKjy/67/yqvlWqKxOZJUO8tfwb8I9fMcFXmDrQ.LDToxRfbId/dW,glatch17@sfgate.com
mwivell18,$2a$04$RXF183hOkRF95UvETo3CteH.vJ./w4.fZrRBEzakb2p9Oe7jNoIyW,gramme18@jiathis.com
fstriker19,$2a$04$Xeh2FCBShjnavJpoxGJW5eSYv96PrDQ6mtNTCVOuZCBP7KRUpyDoC,cgardner19@va.gov
sfryers1a,$2a$04$geQjCQlnq9EhNSQrpPIcNe1o0cXBNiA7Uvmsj7tbcp0IUBYXtChRS,cswatheridge1a@lulu.com
aswarbrick1b,$2a$04$aBXSUNYEWQnX0ESWjZpFyul6/Y.ZM2hlwdDgCl0HPbHPsb2s3hpfG,dgrosvener1b@acquirethisname.com
esalerg1c,$2a$04$BRvpK9R0P9x5AxtdtE5KJeY21V5AKUbRKCr5ou4C/bCHz46/WDdj2,gviant1c@amazonaws.com
hmessruther1d,$2a$04$vJY4wZBq2EF1usrjCVhnSu/.BbpC5wrmQ37ZIi7beW.Lko.plf4zu,bloram1d@g.co
